x,y,z
321,53,a
321,54,a
321,55,a
321,55,a
320,55,a
320,56,a
320,57,a
320,58,a
320,58,a
320,58,a
320,59,a
320,59,a
319,59,a
319,60,a
319,61,a
319,62,a
319,63,a
319,64,a
318,64,a
318,64,a
318,65,a
318,65,a
318,66,a
318,67,a
318,68,a
318,68,a
318,69,a
317,69,a
317,70,a
317,71,a
316,71,a
316,72,a
316,72,a
315,72,a
314,72,a
314,72,a
314,73,a
313,73,a
312,73,a
312,73,a
312,74,a
311,74,a
310,75,a
309,76,a
308,76,a
308,77,a
307,77,a
307,77,a
307,78,a
306,78,a
305,78,a
305,78,a
305,78,a
304,78,a
303,78,a
302,78,a
302,78,a
302,79,a
301,79,a
300,79,a
300,80,a
299,80,a
298,81,a
297,81,a
296,81,a
296,82,a
295,83,a
294,84,a
293,84,a
293,85,a
292,86,a
292,87,a
291,88,a
290,88,a
289,89,a
289,90,a
288,90,a
288,91,a
287,92,a
286,93,a
285,94,a
285,96,a
284,97,a
284,98,a
284,98,a
284,99,a
283,101,a
283,103,a
282,104,a
282,105,a
281,105,a
281,106,a
281,107,a
280,107,a
280,107,a
279,107,a
279,108,a
279,109,a
278,109,a
278,110,a
278,110,a
278,111,a
278,112,a
278,113,a
278,114,a
277,114,a
277,115,a
277,116,a
277,116,a
277,117,a
276,117,a
276,118,a
276,119,a
276,120,a
275,121,a
275,122,a
275,123,a
274,123,a
274,124,a
274,125,a
273,125,a
273,126,a
273,127,a
273,128,a
273,129,a
273,129,a
272,131,a
272,132,a
272,133,a
272,135,a
272,136,a
272,137,a
272,138,a
272,139,a
272,139,a
272,140,a
272,141,a
272,141,a
272,142,a
272,143,a
272,143,a
272,144,a
272,145,a
272,147,a
272,149,a
273,149,a
273,150,a
273,151,a
273,152,a
273,153,a
274,154,a
274,154,a
274,155,a
274,156,a
274,157,a
274,158,a
274,158,a
274,159,a
274,160,a
274,161,a
274,162,a
274,163,a
274,163,a
274,164,a
274,165,a
274,165,a
274,166,a
274,167,a
274,167,a
274,168,a
275,170,a
275,171,a
275,172,a
275,173,a
275,173,a
275,174,a
275,175,a
276,175,a
276,177,a
276,178,a
276,178,a
276,179,a
276,179,a
276,180,a
277,180,a
277,181,a
278,182,a
279,183,a
280,183,a
281,184,a
282,184,a
282,184,a
282,184,a
283,184,a
285,184,a
286,184,a
286,184,a
287,184,a
288,184,a
289,184,a
289,184,a
289,183,a
291,183,a
292,183,a
294,183,a
295,183,a
296,183,a
296,182,a
296,182,a
297,182,a
298,182,a
299,182,a
300,182,a
301,182,a
303,182,a
305,182,a
307,181,a
308,181,a
308,181,a
309,181,a
310,181,a
312,180,a
314,180,a
314,179,a
314,178,a
314,177,a
313,177,a
313,176,a
313,176,a
312,175,a
312,174,a
311,173,a
311,172,a
310,171,a
309,170,a
309,169,a
308,168,a
308,167,a
307,166,a
306,164,a
306,163,a
305,162,a
304,160,a
304,158,a
303,157,a
302,156,a
302,155,a
300,153,a
299,152,a
299,151,a
299,150,a
298,149,a
298,147,a
297,146,a
296,145,a
296,144,a
296,144,a
296,143,a
296,142,a
296,141,a
296,139,a
296,138,a
296,138,a
296,137,a
296,136,a
296,135,a
296,134,a
296,134,a
296,133,a
296,132,a
296,131,a
296,130,a
296,130,a
296,129,a
296,128,a
296,127,a
296,126,a
295,123,a
295,122,a
295,121,a
294,120,a
294,119,a
294,119,a
294,118,a
293,118,a
293,117,a
293,116,a
293,116,a
293,115,a
293,114,a
292,114,a
292,113,a
292,113,a
292,112,a
292,111,a
292,110,a
291,110,a
292,110,a
292,111,a
293,113,a
293,114,a
294,115,a
294,116,a
294,118,a
295,119,a
295,120,a
295,120,a
295,121,a
296,121,a
296,122,a
296,122,a
296,123,a
296,124,a
296,125,a
296,126,a
296,127,a
296,128,a
296,128,a
296,129,a
296,130,a
297,131,a
298,131,a
298,131,a
299,131,a
300,131,a
301,131,a
302,131,a
302,131,a
303,130,a
304,130,a
305,130,a
305,130,a
305,130,a
306,130,a
307,130,a
307,129,a
308,129,a
309,129,a
309,129,a
309,128,a
310,128,a
311,128,a
312,128,a
312,127,a
313,127,a
313,127,a
313,127,a
312,127,a
311,127,a
311,127,a
311,128,a
310,128,a
309,128,a
308,128,a
308,129,a
307,129,a
307,130,a
307,130,a
307,130,a
307,131,a
307,132,a
306,132,a
306,133,a
305,133,a
305,133,a
304,133,a
304,133,a
304,134,a
304,135,a
303,135,a
303,136,a
303,136,a
302,136,a
302,137,a
302,138,a
302,140,a
302,141,a
302,141,a
301,142,a
301,143,a
301,144,a
301,145,a
301,146,a
301,146,a
301,147,a
301,147,a
301,148,a
301,149,a
301,149,a
301,150,a
301,151,a
302,152,a
302,153,a
303,154,a
304,155,a
304,156,a
305,157,a
306,157,a
306,157,a
307,158,a
307,159,a
308,160,a
308,161,a
309,162,a
309,163,a
309,164,a
310,165,a
311,167,a
311,168,a
311,169,a
312,170,a
312,171,a
312,173,a
313,174,a
313,175,a
313,176,a
313,176,a
313,177,a
313,178,a
313,178,a
312,178,a
312,178,a
311,179,a
310,179,a
309,179,a
309,179,a
309,180,a
308,180,a
307,180,a
305,180,a
303,181,a
301,181,a
300,181,a
299,181,a
297,181,a
295,181,a
293,181,a
292,181,a
292,182,a
291,182,a
290,182,a
288,182,a
287,182,a
286,182,a
285,182,a
285,182,a
284,182,a
283,182,a
282,182,a
281,182,a
281,182,a
280,182,a
279,182,a
279,182,a
278,182,a
278,182,a
277,182,a
277,183,a
276,183,a
276,184,a
276,184,a
276,185,a
276,186,a
276,186,a
276,187,a
276,188,a
276,189,a
276,190,a
276,191,a
276,192,a
276,192,a
276,193,a
277,194,a
278,195,a
278,196,a
278,197,a
279,197,a
280,199,a
281,200,a
282,200,a
282,201,a
283,201,a
283,201,a
284,201,a
285,201,a
285,201,a
286,201,a
287,201,a
288,201,a
290,201,a
291,200,a
292,200,a
293,200,a
294,200,a
294,200,a
294,199,a
295,199,a
296,199,a
296,199,a
297,199,a
298,199,a
299,199,a
299,198,a
300,197,a
302,197,a
303,196,a
303,195,a
302,195,a
302,196,a
301,196,a
301,197,a
300,197,a
299,197,a
299,197,a
298,197,a
298,198,a
298,199,a
297,199,a
296,200,a
295,200,a
295,201,a
294,201,a
293,201,a
293,202,a
292,202,a
291,202,a
291,202,a
290,202,a
290,202,a
289,202,a
288,202,a
288,203,a
288,203,a
287,203,a
287,203,a
287,204,a
286,204,a
286,204,a
285,204,a
285,204,a
284,204,a
284,205,a
284,206,a
284,206,a
284,207,a
284,208,a
284,209,a
284,210,a
284,211,a
284,212,a
284,213,a
284,214,a
284,215,a
284,216,a
284,217,a
284,219,a
284,221,a
285,222,a
285,223,a
285,225,a
285,226,a
286,227,a
286,228,a
286,230,a
287,231,a
287,232,a
287,233,a
287,234,a
288,235,a
289,237,a
290,238,a
290,239,a
291,240,a
291,240,a
292,240,a
294,242,a
295,243,a
296,243,a
297,243,a
297,243,a
297,243,a
299,244,a
300,244,a
301,245,a
302,245,a
303,245,a
304,245,a
305,245,a
306,245,a
308,246,a
310,246,a
313,246,a
314,246,a
314,247,a
314,247,a
315,247,a
316,247,a
317,247,a
319,247,a
321,247,a
322,247,a
319,247,a
319,247,a
318,247,a
318,247,a
317,247,a
317,247,a
317,246,a
316,246,a
315,246,a
314,246,a
314,246,a
313,246,a
312,246,a
310,245,a
309,245,a
308,245,a
308,245,a
307,245,a
305,245,a
304,245,a
303,245,a
302,245,a
301,245,a
300,245,a
299,245,a
297,245,a
297,245,a
295,245,a
294,245,a
293,245,a
293,245,a
294,245,a
294,246,a
295,246,a
296,246,a
296,247,a
297,247,a
298,248,a
299,250,a
301,251,a
301,252,a
302,253,a
303,253,a
303,254,a
304,254,a
304,255,a
304,255,a
305,256,a
305,257,a
306,257,a
307,258,a
309,258,a
310,259,a
312,259,a
313,259,a
315,260,a
318,260,a
319,260,a
321,260,a
322,261,a
323,261,a
324,261,a
325,262,a
326,262,a
327,262,a
329,262,a
331,262,a
332,262,a
333,263,a
334,263,a
336,264,a
338,264,a
340,264,a
343,264,a
345,264,a
347,265,a
349,265,a
350,265,a
351,265,a
352,265,a
354,266,a
355,266,a
357,266,a
360,266,a
361,266,a
362,266,a
364,266,a
368,266,a
371,266,a
372,266,a
373,265,a
375,265,a
378,264,a
380,264,a
381,264,a
381,263,a
381,263,a
382,261,a
383,261,a
384,260,a
384,259,a
385,259,a
386,257,a
387,256,a
389,254,a
390,253,a
391,252,a
392,251,a
393,250,a
394,250,a
395,248,a
396,247,a
397,245,a
398,244,a
398,243,a
399,243,a
399,242,a
399,241,a
400,240,a
401,239,a
401,238,a
401,238,a
401,237,a
402,237,a
402,236,a
403,235,a
403,234,a
404,233,a
404,232,a
404,231,a
406,228,a
406,228,a
406,228,a
406,227,a
407,226,a
407,225,a
408,225,a
408,224,a
408,223,a
409,222,a
409,220,a
410,219,a
410,218,a
411,217,a
411,216,a
412,215,a
412,213,a
412,211,a
413,209,a
414,207,a
415,206,a
416,205,a
416,204,a
416,203,a
416,202,a
417,200,a
418,198,a
418,196,a
419,195,a
419,194,a
419,193,a
419,192,a
419,191,a
420,191,a
420,191,a
421,190,a
421,189,a
421,188,a
422,187,a
423,185,a
423,184,a
423,183,a
424,182,a
424,181,a
425,181,a
425,180,a
425,179,a
425,178,a
425,177,a
425,176,a
426,174,a
426,173,a
426,173,a
426,172,a
426,170,a
427,170,a
427,170,a
427,167,a
427,166,a
428,165,a
428,164,a
428,163,a
428,163,a
428,162,a
428,161,a
428,160,a
428,159,a
428,159,a
428,158,a
428,157,a
428,155,a
428,153,a
428,152,a
428,151,a
428,150,a
428,150,a
427,149,a
427,147,a
427,146,a
426,145,a
426,144,a
426,142,a
425,141,a
425,140,a
425,139,a
425,138,a
424,137,a
423,135,a
423,134,a
423,133,a
423,131,a
422,129,a
422,127,a
421,126,a
421,125,a
421,124,a
421,124,a
421,123,a
421,122,a
421,121,a
421,121,a
421,120,a
421,119,a
420,118,a
420,116,a
420,115,a
419,115,a
419,114,a
419,114,a
418,114,a
418,113,a
418,112,a
417,112,a
417,111,a
417,110,a
416,108,a
416,107,a
416,106,a
416,105,a
415,104,a
415,103,a
415,102,a
415,102,a
414,102,a
414,101,a
414,100,a
413,100,a
413,99,a
412,98,a
412,97,a
411,97,a
411,96,a
411,95,a
411,95,a
410,96,a
409,93,a
408,92,a
408,91,a
408,90,a
408,90,a
408,89,a
407,88,a
407,87,a
407,87,a
406,86,a
405,85,a
405,84,a
404,84,a
404,83,a
403,82,a
402,82,a
402,81,a
402,81,a
401,81,a
401,81,a
399,79,a
398,78,a
397,77,a
396,77,a
396,76,a
396,76,a
395,75,a
394,75,a
393,75,a
392,74,a
391,73,a
390,73,a
390,73,a
389,72,a
388,72,a
387,71,a
387,71,a
386,70,a
385,70,a
385,70,a
384,69,a
383,69,a
382,69,a
382,69,a
381,69,a
381,69,a
381,69,a
380,68,a
379,68,a
378,68,a
377,67,a
376,67,a
376,67,a
375,67,a
374,67,a
374,67,a
373,66,a
372,66,a
371,66,a
370,66,a
370,66,a
370,65,a
369,65,a
368,65,a
367,65,a
366,64,a
366,63,a
365,62,a
364,61,a
364,60,a
363,59,a
363,58,a
363,58,a
363,57,a
363,56,a
363,55,a
363,54,a
363,54,a
363,53,a
363,52,a
363,51,a
363,51,a
363,50,a
363,49,a
363,48,a
363,48,a
363,47,a
363,44,a
363,42,a
363,41,a
363,39,a
363,38,a
363,38,a
363,37,a
363,35,a
363,33,a
363,32,a
363,31,a
363,30,a
363,30,a
363,29,a
363,29,a
363,28,a
363,28,a
363,32,a
363,33,a
363,34,a
363,35,a
363,35,a
363,36,a
363,37,a
363,37,a
363,38,a
363,38,a
363,39,a
362,41,a
362,42,a
362,42,a
362,43,a
362,43,a
362,44,a
362,45,a
361,45,a
361,46,a
361,48,a
361,49,a
361,49,a
361,50,a
361,51,a
361,51,a
361,52,a
361,53,a
361,53,a
361,54,a
361,55,a
361,56,a
361,56,a
361,57,a
361,60,a
361,61,a
361,61,a
361,61,a
359,61,a
358,61,a
356,61,a
353,62,a
352,62,a
351,62,a
350,62,a
349,62,a
346,62,a
345,61,a
344,61,a
342,61,a
339,61,a
338,61,a
337,61,a
336,61,a
336,60,a
335,60,a
334,60,a
333,59,a
331,59,a
331,58,a
330,58,a
329,58,a
328,58,a
328,58,a
328,57,a
326,56,a
325,56,a
325,56,a
324,56,a
323,56,a
323,55,a
322,55,a
321,54,a
320,54,a
320,54,a
320,53,a
319,53,a
318,52,a
317,51,a
316,51,a
316,50,a
316,50,a
315,49,a
315,47,a
313,46,a
313,45,a
312,44,a
312,43,a
311,43,a
310,42,a
310,41,a
310,41,a
309,41,a
309,40,a
308,39,a
307,39,a
307,37,a
306,36,a
305,35,a
304,33,a
304,32,a
304,31,a
303,31,a
303,30,a
303,30,a
302,30,a
302,29,a
302,28,a
301,27,a
301,26,a
301,26,a
300,25,a
299,24,a
299,23,a
299,23,a
299,22,a
299,21,a
299,20,a
298,20,a
298,19,a
298,19,a
297,18,a
296,17,a
296,16,a
295,15,a
294,14,a
294,13,a
293,13,a
292,11,a
292,11,a
292,10,a
292,9,a
290,8,a
291,8,a
292,8,a
292,8,a
293,8,a
294,8,a
294,8,a
295,8,a
296,8,a
296,8,a
297,8,a
298,8,a
298,8,a
299,8,a
299,8,a
300,8,a
300,8,a
302,8,a
303,8,a
303,8,a
306,8,a
306,8,a
307,8,a
308,8,a
309,9,a
310,10,a
310,10,a
310,11,a
311,11,a
312,13,a
312,14,a
313,14,a
313,14,a
315,15,a
316,15,a
316,16,a
316,16,a
317,18,a
319,19,a
320,20,a
321,21,a
323,22,a
324,22,a
326,23,a
326,24,a
327,24,a
328,24,a
328,25,a
329,25,a
329,26,a
329,26,a
329,27,a
331,27,a
331,28,a
331,28,a
331,29,a
332,29,a
332,30,a
332,30,a
332,30,a
333,31,a
333,33,a
333,34,a
333,33,a
330,29,a
328,27,a
327,25,a
325,24,a
324,22,a
322,21,a
322,21,a
320,19,a
319,18,a
318,17,a
317,17,a
316,16,a
314,14,a
312,12,a
311,12,a
309,10,a
307,9,a
308,9,a
309,9,a
310,9,a
313,9,a
316,9,a
321,8,a
324,8,a
325,8,a
328,7,a
333,7,a
335,7,a
335,7,a
336,7,a
338,7,a
340,7,a
342,7,a
342,7,a
345,7,a
347,7,a
348,7,a
352,7,a
357,7,a
360,7,a
365,7,a
366,7,a
371,7,a
376,7,a
380,7,a
384,7,a
388,6,a
400,5,a
403,5,a
407,5,a
409,5,a
412,5,a
414,5,a
416,5,a
419,5,a
421,5,a
422,5,a
422,5,a
425,5,a
428,5,a
429,5,a
430,5,a
437,6,a
437,6,a
437,7,a
437,7,a
437,8,a
437,9,a
437,9,a
437,10,a
437,10,a
437,11,a
437,11,a
437,11,a
437,12,a
436,12,a
436,13,a
436,14,a
435,14,a
435,15,a
435,15,a
434,18,a
434,19,a
434,20,a
433,21,a
433,22,a
433,23,a
432,25,a
432,26,a
431,26,a
430,28,a
430,29,a
429,30,a
429,31,a
428,32,a
427,34,a
426,34,a
426,35,a
425,35,a
425,36,a
425,37,a
424,39,a
422,41,a
420,43,a
419,45,a
416,49,a
416,49,a
415,49,a
413,50,a
412,51,a
411,53,a
409,54,a
407,56,a
407,57,a
405,57,a
403,58,a
400,60,a
399,61,a
398,62,a
397,62,a
395,63,a
394,63,a
393,63,a
392,64,a
392,64,a
391,64,a
390,65,a
389,65,a
388,65,a
387,66,a
386,66,a
386,66,a
385,66,a
385,66,a
384,67,a
385,68,a
386,68,a
388,69,a
389,70,a
390,70,a
391,71,a
393,72,a
395,73,a
397,75,a
399,78,a
399,79,a
399,79,a
399,80,a
400,80,a
400,80,a
401,80,a
402,81,a
404,84,a
405,85,a
405,86,a
406,86,a
407,88,a
409,90,a
409,92,a
410,92,a
410,93,a
411,95,a
413,98,a
413,101,a
413,102,a
414,103,a
415,107,a
416,109,a
416,112,a
417,114,a
418,116,a
418,117,a
419,118,a
419,119,a
420,122,a
420,125,a
421,127,a
422,129,a
422,131,a
422,133,a
422,135,a
422,138,a
423,141,a
423,144,a
423,145,a
423,147,a
424,150,a
424,152,a
425,154,a
425,154,a
426,155,a
426,157,a
427,158,a
427,160,a
427,160,a
427,162,a
427,164,a
427,166,a
427,166,a
427,167,a
427,170,a
427,172,a
427,175,a
426,178,a
425,179,a
425,181,a
424,183,a
424,184,a
424,185,a
423,186,a
423,188,a
422,190,a
422,191,a
421,194,a
421,195,a
421,195,a
420,197,a
420,199,a
419,200,a
418,202,a
418,204,a
417,205,a
417,207,a
415,209,a
415,210,a
414,211,a
413,213,a
412,215,a
411,218,a
410,220,a
408,222,a
407,226,a
406,228,a
406,230,a
405,231,a
405,233,a
405,234,a
404,235,a
404,236,a
403,239,a
402,240,a
400,242,a
400,244,a
397,247,a
396,249,a
395,250,a
395,250,a
394,251,a
394,251,a
393,253,a
391,255,a
391,256,a
390,256,a
389,257,a
386,259,a
385,260,a
385,261,a
384,261,a
383,262,a
383,263,a
382,264,a
381,264,a
380,264,a
378,265,a
376,266,a
375,266,a
374,266,a
372,267,a
366,268,a
361,269,a
359,269,a
358,269,a
356,269,a
352,269,a
345,269,a
344,269,a
340,267,a
335,266,a
334,266,a
330,265,a
326,265,a
322,264,a
320,264,a
318,263,a
316,263,a
315,263,a
314,263,a
309,261,a
308,261,a
308,261,a
308,260,a
307,260,a
307,259,a
306,259,a
305,259,a
305,258,a
304,257,a
303,256,a
303,256,a
302,256,a
301,255,a
299,253,a
298,252,a
297,252,a
296,250,a
296,249,a
296,248,a
296,248,a
296,246,a
296,245,a
296,245,a
296,244,a
297,244,a
298,244,a
298,244,a
299,244,a
299,244,a
300,244,a
301,244,a
302,244,a
303,244,a
304,244,a
307,245,a
308,245,a
309,245,a
313,247,a
314,247,a
315,247,a
322,247,a
323,247,a
324,247,a
331,247,a
334,247,a
337,247,a
338,247,a
338,247,a
341,247,a
345,247,a
345,246,a
346,246,a
349,246,a
352,245,a
353,245,a
355,245,a
356,244,a
358,242,a
360,239,a
362,236,a
364,232,a
365,229,a
366,228,a
367,226,a
369,223,a
370,220,a
370,219,a
371,217,a
371,214,a
372,211,a
373,207,a
374,204,a
374,202,a
374,201,a
375,198,a
375,195,a
375,194,a
375,192,a
375,191,a
375,190,a
375,187,a
375,185,a
375,184,a
375,182,a
375,181,a
375,181,a
375,180,a
375,180,a
375,179,a
374,177,a
374,174,a
373,172,a
373,171,a
373,170,a
372,170,a
373,171,a
374,177,a
375,180,a
375,181,a
376,182,a
376,184,a
377,186,a
377,187,a
377,188,a
377,189,a
377,190,a
377,191,a
377,191,a
376,191,a
374,191,a
372,192,a
369,192,a
366,192,a
365,192,a
365,193,a
363,193,a
361,193,a
361,193,a
359,193,a
358,193,a
357,193,a
356,193,a
355,192,a
354,192,a
352,192,a
350,191,a
349,191,a
349,191,a
348,190,a
347,190,a
347,189,a
347,189,a
350,190,a
352,190,a
355,190,a
357,191,a
358,192,a
360,192,a
362,192,a
365,192,a
365,192,a
367,192,a
367,192,a
368,192,a
370,192,a
370,192,a
371,192,a
371,192,a
372,192,a
372,191,a
373,191,a
373,189,a
373,189,a
373,188,a
374,188,a
374,186,a
374,185,a
374,185,a
374,184,a
374,184,a
374,183,a
374,182,a
374,181,a
374,181,a
374,179,a
374,178,a
374,177,a
374,175,a
374,175,a
373,173,a
373,172,a
373,171,a
372,171,a
372,170,a
371,170,a
371,170,a
370,169,a
369,169,a
367,169,a
366,169,a
365,169,a
365,169,a
364,169,a
363,170,a
362,170,a
361,170,a
361,170,a
360,171,a
359,171,a
358,171,a
356,171,a
355,171,a
350,172,a
349,172,a
348,172,a
346,172,a
346,172,a
346,172,a
349,172,a
351,172,a
353,172,a
354,172,a
355,173,a
358,173,a
359,173,a
360,173,a
361,173,a
362,173,a
362,173,a
363,173,a
363,173,a
363,173,a
364,173,a
365,172,a
366,172,a
366,172,a
367,172,a
367,171,a
367,171,a
368,171,a
368,170,a
368,170,a
368,170,a
369,170,a
369,169,a
370,165,a
370,164,a
370,162,a
370,161,a
371,159,a
371,149,a
370,147,a
370,145,a
370,143,a
370,142,a
370,140,a
370,139,a
369,137,a
369,135,a
369,132,a
368,129,a
368,127,a
368,126,a
368,126,a
368,124,a
368,123,a
368,121,a
368,120,a
368,119,a
368,119,a
368,119,a
368,117,a
367,114,a
367,112,a
367,111,a
366,110,a
365,108,a
365,107,a
363,102,a
362,99,a
361,99,a
361,98,a
361,98,a
360,98,a
359,97,a
358,96,a
357,94,a
355,93,a
353,92,a
352,91,a
348,88,a
348,87,a
347,87,a
345,85,a
345,84,a
344,84,a
342,81,a
340,80,a
339,79,a
337,77,a
335,76,a
335,76,a
335,75,a
334,74,a
333,73,a
331,72,a
330,71,a
330,71,a
328,69,a
326,68,a
326,67,a
324,67,a
324,66,a
322,65,a
321,65,a
353,353,b
353,353,b
355,353,b
355,352,b
356,352,b
357,352,b
358,352,b
359,352,b
361,351,b
362,351,b
363,350,b
364,350,b
367,348,b
370,346,b
372,344,b
375,342,b
379,339,b
381,338,b
386,334,b
389,332,b
391,330,b
394,324,b
396,323,b
397,321,b
399,317,b
400,315,b
401,315,b
402,313,b
402,311,b
402,308,b
403,308,b
405,304,b
405,302,b
406,301,b
407,300,b
409,296,b
410,294,b
411,293,b
412,290,b
412,288,b
412,286,b
412,285,b
413,284,b
413,283,b
354,351,b
353,349,b
353,348,b
353,347,b
353,345,b
354,352,b
353,344,b
353,342,b
352,337,b
352,332,b
352,329,b
352,325,b
353,320,b
354,316,b
355,313,b
356,309,b
358,305,b
359,305,b
360,303,b
362,300,b
365,298,b
367,296,b
368,294,b
370,292,b
372,290,b
374,287,b
376,285,b
377,282,b
380,280,b
382,277,b
384,275,b
385,272,b
388,270,b
390,268,b
392,263,b
396,259,b
400,253,b
401,252,b
402,247,b
406,242,b
407,241,b
408,239,b
411,234,b
412,233,b
412,232,b
414,230,b
416,226,b
418,223,b
420,219,b
421,215,b
422,213,b
423,210,b
424,206,b
424,203,b
425,201,b
426,197,b
428,191,b
429,188,b
429,185,b
431,180,b
431,178,b
431,177,b
431,175,b
431,170,b
431,168,b
431,167,b
431,162,b
431,161,b
431,159,b
431,157,b
431,154,b
431,153,b
431,151,b
431,148,b
430,146,b
430,145,b
430,142,b
430,141,b
429,139,b
429,136,b
429,132,b
429,130,b
428,126,b
428,126,b
428,124,b
428,123,b
427,117,b
427,114,b
426,113,b
426,111,b
426,105,b
425,103,b
425,101,b
425,97,b
425,94,b
425,91,b
425,89,b
425,86,b
425,83,b
425,79,b
425,75,b
425,71,b
425,68,b
425,63,b
426,61,b
426,59,b
426,55,b
426,51,b
427,48,b
428,46,b
429,41,b
429,38,b
429,37,b
430,35,b
431,33,b
431,33,b
432,30,b
433,28,b
434,25,b
434,23,b
434,22,b
435,20,b
435,19,b
435,18,b
435,17,b
436,16,b
436,16,b
439,16,b
441,17,b
442,17,b
446,18,b
449,19,b
453,20,b
459,22,b
463,24,b
465,25,b
467,27,b
470,28,b
473,30,b
476,36,b
477,37,b
479,43,b
481,46,b
484,50,b
486,52,b
488,57,b
491,61,b
492,63,b
499,73,b
502,80,b
503,83,b
505,88,b
506,91,b
508,96,b
509,99,b
510,102,b
510,109,b
511,118,b
511,121,b
512,124,b
512,125,b
512,126,b
512,132,b
512,134,b
512,136,b
511,150,b
510,156,b
509,160,b
509,162,b
507,169,b
506,176,b
505,182,b
503,188,b
503,192,b
501,195,b
500,197,b
498,200,b
495,205,b
493,208,b
491,210,b
491,210,b
490,213,b
489,214,b
489,218,b
488,218,b
488,220,b
488,223,b
488,224,b
488,225,b
488,229,b
488,230,b
489,231,b
489,234,b
490,236,b
490,237,b
491,240,b
491,240,b
491,243,b
491,245,b
491,247,b
491,249,b
491,249,b
489,251,b
488,252,b
487,253,b
486,253,b
484,254,b
482,257,b
481,258,b
480,260,b
478,263,b
476,265,b
475,267,b
473,268,b
472,270,b
471,271,b
469,273,b
469,275,b
468,276,b
466,277,b
465,278,b
465,280,b
462,282,b
460,282,b
459,282,b
457,283,b
453,284,b
452,285,b
449,286,b
446,287,b
444,287,b
443,287,b
441,287,b
439,287,b
437,287,b
433,287,b
430,287,b
425,286,b
424,286,b
423,286,b
422,286,b
421,285,b
420,285,b
415,284,b
414,284,b
413,283,b
6,98,c
6,89,c
7,82,c
8,79,c
9,75,c
9,67,c
9,63,c
9,56,c
9,49,c
8,44,c
8,39,c
7,37,c
7,33,c
7,28,c
6,23,c
6,21,c
5,16,c
5,11,c
5,10,c
5,8,c
5,7,c
5,7,c
6,7,c
7,7,c
9,7,c
10,7,c
14,7,c
21,6,c
30,5,c
31,5,c
37,5,c
44,5,c
50,5,c
55,5,c
65,5,c
70,6,c
74,6,c
83,6,c
90,6,c
94,6,c
97,6,c
101,6,c
106,7,c
112,7,c
122,8,c
127,8,c
134,8,c
141,8,c
145,9,c
159,9,c
164,9,c
175,9,c
179,9,c
184,8,c
199,7,c
198,8,c
196,10,c
195,12,c
193,16,c
193,17,c
193,18,c
192,20,c
191,22,c
191,24,c
190,27,c
190,30,c
189,35,c
188,39,c
187,41,c
186,44,c
185,49,c
184,54,c
183,57,c
182,62,c
182,65,c
182,65,c
182,65,c
183,56,c
184,51,c
186,49,c
187,46,c
188,41,c
189,36,c
189,32,c
189,28,c
189,23,c
189,18,c
189,15,c
189,15,c
191,11,c
191,9,c
193,8,c
194,7,c
195,7,c
195,6,c
196,6,c
197,6,c
198,6,c
199,6,c
202,6,c
206,6,c
210,5,c
210,5,c
212,5,c
213,5,c
213,5,c
214,5,c
216,5,c
217,6,c
218,6,c
218,6,c
219,6,c
220,6,c
221,7,c
222,7,c
223,7,c
223,7,c
223,11,c
223,17,c
223,21,c
222,25,c
222,26,c
222,30,c
221,32,c
221,34,c
221,37,c
220,42,c
220,43,c
220,47,c
220,51,c
220,52,c
220,55,c
220,56,c
220,57,c
220,58,c
218,60,c
216,61,c
213,64,c
210,66,c
209,67,c
206,69,c
205,70,c
202,71,c
201,72,c
199,74,c
197,75,c
196,75,c
194,77,c
194,77,c
193,77,c
194,77,c
197,84,c
197,85,c
197,87,c
197,88,c
197,90,c
198,91,c
199,94,c
200,95,c
201,96,c
201,97,c
201,98,c
204,101,c
205,104,c
205,105,c
207,106,c
209,107,c
214,110,c
218,111,c
222,111,c
226,111,c
228,111,c
231,111,c
232,111,c
239,112,c
241,112,c
247,113,c
249,113,c
250,113,c
257,113,c
258,113,c
260,112,c
261,113,c
264,114,c
266,115,c
267,115,c
268,115,c
268,115,c
269,116,c
270,116,c
270,116,c
270,117,c
271,119,c
271,119,c
272,122,c
272,123,c
272,123,c
272,123,c
272,124,c
272,126,c
271,127,c
271,127,c
270,130,c
270,131,c
269,133,c
269,136,c
269,137,c
269,143,c
270,145,c
270,149,c
271,154,c
272,156,c
272,158,c
272,158,c
273,161,c
273,161,c
273,164,c
273,167,c
273,167,c
273,168,c
273,168,c
273,172,c
274,176,c
274,177,c
274,179,c
274,179,c
274,180,c
274,181,c
274,183,c
274,183,c
274,187,c
274,188,c
275,189,c
275,190,c
276,193,c
277,195,c
277,197,c
278,198,c
278,199,c
279,201,c
279,202,c
280,207,c
280,208,c
280,210,c
280,211,c
280,211,c
280,213,c
280,215,c
280,221,c
280,223,c
280,226,c
280,229,c
279,234,c
278,236,c
278,239,c
277,242,c
277,245,c
277,248,c
276,251,c
276,252,c
276,253,c
276,256,c
276,257,c
276,260,c
275,260,c
275,260,c
274,253,c
272,249,c
271,247,c
270,243,c
268,240,c
268,238,c
267,236,c
265,233,c
264,232,c
263,230,c
262,228,c
260,226,c
258,223,c
257,220,c
256,219,c
257,219,c
259,221,c
262,224,c
264,227,c
265,231,c
266,233,c
267,237,c
267,239,c
268,241,c
270,247,c
271,251,c
272,252,c
272,254,c
274,257,c
274,258,c
274,259,c
274,259,c
274,259,c
267,254,c
260,251,c
253,249,c
247,248,c
239,247,c
234,246,c
225,242,c
225,242,c
220,239,c
219,238,c
215,237,c
213,235,c
213,234,c
213,234,c
211,233,c
209,231,c
204,228,c
203,228,c
203,228,c
201,227,c
200,226,c
200,225,c
200,225,c
196,222,c
194,217,c
194,216,c
195,214,c
196,213,c
198,212,c
199,208,c
201,206,c
202,204,c
204,203,c
202,203,c
200,203,c
199,203,c
197,203,c
196,203,c
193,206,c
190,208,c
189,208,c
189,208,c
189,209,c
191,212,c
192,215,c
192,215,c
193,215,c
195,212,c
197,208,c
198,208,c
199,206,c
199,205,c
195,205,c
190,206,c
186,208,c
183,209,c
181,210,c
175,211,c
174,211,c
172,211,c
172,210,c
169,206,c
168,203,c
168,201,c
168,196,c
169,193,c
171,190,c
173,186,c
175,183,c
176,180,c
178,175,c
179,170,c
180,167,c
181,164,c
182,161,c
182,157,c
184,154,c
186,151,c
188,148,c
189,146,c
189,142,c
190,139,c
191,136,c
193,133,c
194,130,c
195,127,c
196,123,c
197,119,c
198,114,c
199,113,c
201,105,c
202,104,c
202,104,c
198,109,c
196,112,c
196,114,c
196,114,c
196,116,c
195,118,c
194,120,c
194,121,c
191,127,c
191,129,c
189,133,c
188,134,c
188,136,c
187,138,c
187,139,c
187,139,c
186,141,c
186,142,c
185,146,c
185,147,c
185,148,c
184,149,c
184,150,c
183,151,c
183,154,c
182,155,c
182,159,c
182,162,c
182,163,c
182,164,c
182,165,c
182,164,c
182,163,c
182,162,c
181,162,c
180,162,c
175,161,c
174,161,c
173,161,c
173,161,c
171,161,c
168,162,c
166,164,c
165,164,c
164,165,c
163,167,c
162,168,c
159,171,c
157,176,c
155,179,c
153,183,c
151,186,c
151,188,c
150,192,c
150,197,c
150,198,c
150,198,c
152,201,c
153,202,c
155,203,c
155,203,c
157,205,c
158,205,c
159,206,c
159,206,c
163,207,c
164,207,c
165,208,c
166,208,c
166,208,c
168,208,c
169,209,c
170,209,c
170,209,c
171,209,c
171,209,c
168,209,c
166,207,c
163,206,c
162,205,c
160,204,c
159,204,c
157,203,c
156,203,c
154,202,c
153,200,c
151,199,c
150,199,c
149,198,c
149,197,c
147,196,c
146,195,c
146,194,c
146,194,c
146,193,c
145,188,c
144,186,c
144,184,c
144,179,c
144,176,c
145,175,c
141,180,c
140,180,c
135,179,c
131,177,c
131,176,c
131,173,c
134,172,c
135,172,c
136,172,c
138,176,c
140,178,c
141,180,c
137,186,c
135,186,c
129,186,c
125,185,c
124,179,c
129,177,c
135,175,c
149,175,c
149,176,c
147,181,c
133,185,c
124,185,c
123,185,c
122,178,c
122,175,c
125,172,c
129,171,c
143,170,c
144,175,c
140,180,c
137,182,c
129,182,c
121,178,c
121,172,c
121,171,c
125,169,c
138,170,c
139,175,c
135,177,c
132,178,c
123,177,c
117,173,c
115,168,c
118,163,c
121,162,c
131,165,c
135,171,c
133,176,c
131,177,c
122,177,c
115,174,c
115,169,c
120,167,c
124,167,c
136,168,c
137,171,c
138,178,c
139,188,c
144,191,c
145,191,c
145,191,c
146,190,c
148,187,c
149,185,c
149,182,c
150,178,c
150,177,c
150,175,c
150,175,c
150,174,c
150,173,c
149,172,c
147,170,c
144,168,c
141,166,c
134,161,c
128,157,c
128,156,c
127,155,c
126,154,c
125,153,c
121,152,c
118,149,c
116,148,c
112,146,c
111,144,c
109,142,c
106,140,c
101,137,c
99,135,c
95,133,c
93,130,c
90,130,c
89,130,c
87,128,c
85,126,c
84,126,c
81,124,c
78,123,c
73,120,c
65,116,c
59,114,c
52,111,c
45,108,c
40,106,c
34,103,c
30,102,c
26,101,c
19,100,c
15,99,c
13,98,c
11,98,c
11,97,c
10,97,c
10,96,c
9,96,c
9,96,c
8,96,c
73,197,d
74,199,d
75,206,d
75,207,d
75,207,d
75,208,d
75,208,d
73,210,d
72,211,d
71,214,d
70,215,d
69,217,d
69,221,d
68,226,d
68,230,d
67,235,d
67,236,d
66,239,d
64,242,d
63,248,d
62,252,d
61,257,d
60,262,d
59,264,d
58,268,d
56,274,d
55,275,d
54,282,d
53,287,d
53,288,d
53,295,d
52,298,d
52,299,d
52,300,d
52,305,d
53,310,d
55,312,d
57,319,d
59,322,d
61,324,d
63,326,d
65,329,d
69,333,d
72,336,d
74,338,d
76,338,d
82,342,d
88,344,d
94,347,d
97,348,d
99,350,d
103,353,d
107,355,d
109,357,d
114,359,d
114,360,d
123,364,d
129,365,d
134,367,d
143,369,d
149,370,d
157,371,d
161,372,d
162,372,d
168,372,d
174,374,d
177,374,d
180,374,d
182,374,d
185,374,d
189,374,d
189,373,d
192,372,d
197,370,d
199,369,d
204,366,d
205,366,d
209,363,d
213,360,d
215,358,d
219,356,d
224,354,d
225,354,d
228,352,d
230,349,d
233,346,d
236,341,d
237,336,d
238,336,d
240,332,d
241,331,d
243,327,d
245,326,d
245,324,d
246,323,d
247,322,d
248,320,d
250,316,d
250,315,d
250,313,d
251,310,d
251,305,d
251,305,d
250,304,d
247,303,d
246,302,d
246,301,d
243,300,d
240,298,d
235,295,d
233,294,d
231,293,d
219,285,d
214,281,d
208,277,d
206,276,d
201,273,d
198,271,d
196,267,d
193,263,d
191,260,d
189,259,d
189,258,d
185,256,d
177,252,d
171,251,d
169,250,d
166,247,d
162,243,d
160,241,d
158,240,d
156,239,d
151,235,d
149,234,d
143,228,d
140,225,d
139,223,d
137,221,d
136,221,d
135,220,d
129,218,d
126,216,d
123,215,d
117,211,d
115,210,d
109,207,d
105,206,d
101,203,d
100,203,d
95,201,d
95,201,d
90,199,d
88,199,d
88,199,d
83,197,d
77,196,d
73,194,d
69,192,d
67,192,d
59,189,d
55,186,d
51,184,d
48,182,d
47,181,d
43,179,d
32,172,d
28,169,d
26,167,d
21,163,d
17,161,d
14,157,d
12,155,d
11,153,d
10,151,d
10,147,d
10,145,d
10,144,d
10,144,d
11,143,d
18,142,d
24,141,d
28,141,d
35,143,d
38,144,d
42,146,d
46,148,d
52,150,d
65,156,d
69,158,d
75,160,d
78,163,d
85,167,d
89,168,d
92,169,d
100,172,d
104,174,d
107,176,d
113,178,d
117,179,d
125,183,d
129,185,d
137,188,d
139,189,d
143,192,d
145,194,d
149,196,d
155,200,d
155,200,d
161,203,d
168,205,d
173,208,d
181,211,d
185,212,d
190,214,d
199,218,d
200,218,d
207,222,d
209,222,d
215,226,d
224,230,d
229,235,d
236,238,d
241,242,d
247,244,d
252,247,d
258,251,d
261,252,d
265,255,d
268,257,d
269,258,d
273,260,d
277,262,d
285,265,d
289,267,d
292,269,d
297,272,d
299,274,d
308,276,d
317,279,d
320,280,d
326,282,d
331,285,d
332,286,d
336,288,d
336,288,d
339,293,d
341,296,d
343,298,d
344,300,d
344,301,d
344,301,d
339,305,d
334,307,d
325,308,d
320,308,d
314,307,d
311,306,d
306,304,d
299,302,d
288,299,d
288,299,d
283,298,d
281,298,d
275,296,d
275,295,d
271,292,d
266,289,d
262,287,d
260,285,d
259,285,d
256,284,d
253,282,d
250,280,d
247,279,d
246,279,d
245,278,d
223,266,d
220,265,d
212,260,d
204,257,d
198,253,d
192,249,d
186,246,d
180,242,d
178,241,d
174,240,d
171,239,d
173,241,d
177,248,d
179,250,d
181,256,d
185,260,d
187,263,d
189,267,d
193,270,d
196,273,d
200,276,d
203,277,d
211,282,d
215,286,d
218,287,d
222,288,d
228,290,d
237,295,d
240,297,d
241,298,d
243,299,d
248,300,d
251,302,d
252,302,d
252,301,d
256,299,d
258,296,d
261,294,d
261,293,d
261,291,d
264,289,d
264,288,d
263,288,d
262,286,d
260,285,d
256,283,d
250,280,d
246,279,d
241,277,d
236,274,d
232,272,d
228,270,d
225,268,d
220,265,d
211,260,d
199,254,d
196,252,d
192,250,d
186,247,d
181,245,d
178,244,d
171,241,d
167,238,d
161,234,d
156,232,d
152,230,d
149,228,d
143,226,d
139,224,d
129,221,d
127,221,d
122,219,d
118,217,d
112,214,d
104,211,d
94,207,d
86,203,d
79,200,d
77,198,d
76,198,d
73,196,d
73,195,d
72,195,d
75,197,d
76,198,d
78,199,d
81,199,d
87,201,d
92,202,d
96,203,d
101,205,d
110,208,d
117,212,d
122,217,d
127,219,d
131,221,d
135,222,d
139,225,d
144,229,d
152,234,d
158,238,d
163,240,d
169,245,d
174,248,d
179,251,d
187,257,d
190,260,d
194,263,d
196,265,d
199,269,d
203,273,d
206,275,d
214,281,d
221,286,d
222,287,d
230,291,d
238,295,d
240,297,d
242,298,d
248,301,d
249,302,d
250,304,d
251,304,d
254,303,d
255,303,d
256,302,d
258,301,d
260,300,d
260,299,d
263,298,d
264,297,d
269,296,d
270,295,d
271,295,d
273,294,d
274,294,d
274,295,d
276,295,d
276,296,d
275,296,d
273,296,d
272,297,d
271,298,d
271,299,d
268,301,d
266,302,d
265,303,d
264,304,d
263,305,d
262,305,d
260,306,d
258,307,d
256,308,d
254,310,d
250,314,d
249,318,d
248,318,d
247,321,d
246,323,d
245,324,d
242,327,d
239,331,d
238,333,d
238,333,d
237,336,d
234,339,d
232,340,d
231,343,d
230,346,d
229,349,d
227,351,d
226,352,d
225,353,d
221,355,d
219,356,d
216,359,d
211,362,d
207,364,d
199,367,d
193,370,d
191,371,d
187,372,d
182,373,d
171,375,d
170,375,d
163,375,d
161,375,d
157,374,d
151,371,d
145,369,d
138,367,d
135,366,d
122,364,d
117,363,d
113,362,d
108,360,d
106,358,d
104,358,d
102,357,d
102,356,d
98,353,d
97,353,d
96,353,d
93,352,d
91,348,d
89,346,d
86,344,d
80,340,d
76,338,d
71,335,d
69,333,d
66,330,d
58,318,d
56,314,d
52,309,d
51,308,d
49,303,d
49,298,d
49,296,d
50,290,d
51,286,d
52,280,d
55,273,d
56,267,d
58,264,d
61,255,d
63,247,d
64,245,d
65,235,d
67,230,d
67,225,d
70,220,d
71,214,d
72,211,d
72,209,d
73,206,d
73,203,d
73,202,d
73,201,d
73,201,d
